{"cameraMode":{"drawMode":0,"name":"Shaded","section":"Shading Mode"},"sceneLighting":true,"audioPlay":false,"sceneViewState":{"m_AlwaysRefresh":false,"showFog":false,"showSkybox":true,"showFlares":false,"showImageEffects":true,"showParticleSystems":true,"showVisualEffectGraphs":true,"m_FxEnabled":true},"in2DMode":false,"pivot":{"x":-0.2159116268157959,"y":0.1692596673965454,"z":-7.668395042419434},"rotation":{"x":0.09407946467399597,"y":0.8838903903961182,"z":-0.20230062305927277,"w":0.4110508859157562},"size":1.2870442867279053,"orthographic":false}