{"cameraMode":{"drawMode":0,"name":"Shaded","section":"Shading Mode"},"sceneLighting":true,"audioPlay":false,"sceneViewState":{"m_AlwaysRefresh":false,"showFog":true,"showSkybox":true,"showFlares":true,"showImageEffects":true,"showParticleSystems":true,"showVisualEffectGraphs":true,"m_FxEnabled":true},"in2DMode":false,"pivot":{"x":15.74211311340332,"y":10.08355712890625,"z":43.67024612426758},"rotation":{"x":0.026602985337376596,"y":0.17010581493377686,"z":-0.004593985620886087,"w":0.9850562810897827},"size":44.13145065307617,"orthographic":false}