{"cameraMode":{"drawMode":0,"name":"Shaded","section":"Shading Mode"},"sceneLighting":false,"audioPlay":false,"sceneViewState":{"m_AlwaysRefresh":false,"showFog":true,"showSkybox":false,"showFlares":true,"showImageEffects":true,"showParticleSystems":true,"showVisualEffectGraphs":true,"m_FxEnabled":true},"in2DMode":false,"pivot":{"x":5.199999809265137,"y":2.180000066757202,"z":0.000006198883056640625},"rotation":{"x":0.17162244021892548,"y":0.016254382207989694,"z":-0.0028320273850113155,"w":0.985024631023407},"size":3.5528738498687746,"orthographic":false}