{"cameraMode":{"drawMode":0,"name":"Shaded","section":"Shading Mode"},"sceneLighting":false,"audioPlay":false,"sceneViewState":{"m_AlwaysRefresh":false,"showFog":true,"showSkybox":true,"showFlares":true,"showImageEffects":true,"showParticleSystems":true,"showVisualEffectGraphs":true,"m_FxEnabled":true},"in2DMode":false,"pivot":{"x":1.5274966955184937,"y":1.9531043767929078,"z":2.80289363861084},"rotation":{"x":0.06891439110040665,"y":-0.029924148693680764,"z":0.00206801388412714,"w":0.9971717596054077},"size":7.58354377746582,"orthographic":false}