{"cameraMode":{"drawMode":0,"name":"Shaded","section":"Shading Mode"},"sceneLighting":true,"audioPlay":false,"sceneViewState":{"m_AlwaysRefresh":false,"showFog":true,"showSkybox":true,"showFlares":true,"showImageEffects":true,"showParticleSystems":true,"showVisualEffectGraphs":true,"m_FxEnabled":true},"in2DMode":false,"pivot":{"x":1.4502547979354859,"y":1.8635363578796387,"z":-1.9266339540481568},"rotation":{"x":-0.4285769760608673,"y":-0.060909122228622439,"z":-0.028973102569580079,"w":0.9009845852851868},"size":1.130967617034912,"orthographic":false}