{"cameraMode":{"drawMode":0,"name":"Shaded","section":"Shading Mode"},"sceneLighting":true,"audioPlay":false,"sceneViewState":{"m_AlwaysRefresh":false,"showFog":true,"showSkybox":true,"showFlares":true,"showImageEffects":true,"showParticleSystems":true,"showVisualEffectGraphs":true,"m_FxEnabled":true},"in2DMode":false,"pivot":{"x":-2.063013792037964,"y":-1.0339255332946778,"z":-1.7465553283691407},"rotation":{"x":0.011335864663124085,"y":0.6547883749008179,"z":-0.009822665713727475,"w":0.7556634545326233},"size":1.1899638175964356,"orthographic":false}