{"cameraMode":{"drawMode":0,"name":"Shaded","section":"Shading Mode"},"sceneLighting":true,"audioPlay":false,"sceneViewState":{"m_AlwaysRefresh":false,"showFog":true,"showSkybox":true,"showFlares":true,"showImageEffects":true,"showParticleSystems":true,"showVisualEffectGraphs":true,"m_FxEnabled":true},"in2DMode":false,"pivot":{"x":0.9360100030899048,"y":1.970778226852417,"z":-1.3697906732559205},"rotation":{"x":-0.4285769760608673,"y":-0.060909122228622439,"z":-0.028973102569580079,"w":0.9009845852851868},"size":1.5732107162475587,"orthographic":false}